backend,rows,cols,generations,threads,block,shared,wrap,kernel_ms,wall_ms,mcells_kernel,mcells_wall
cuda,256,256,500,1,32,0,0,3.953663996,7.075943,8288.008296,4630.902199
cuda,256,256,500,1,32,0,0,3.976960007,7.574749,8239.459271,4325.951923
cuda,256,256,500,1,32,0,0,3.783648,6.836393,8660.425071,4793.170902
cuda,256,256,500,1,32,0,0,3.794687995,6.905108,8635.229047,4745.472482
cuda,256,256,500,1,32,0,0,3.850175995,6.857495,8510.779778,4778.421275
cuda,256,256,500,1,32,1,0,6.315904081,9.428772,5188.172521,3475.32001
cuda,256,256,500,1,32,1,0,6.380704094,9.504641,5135.483407,3447.578925
cuda,256,256,500,1,32,1,0,6.312640091,9.35691,5190.855098,3502.010813
cuda,256,256,500,1,32,1,0,6.29590406,9.312006,5204.653643,3518.898076
cuda,256,256,500,1,32,1,0,6.303264094,9.292927,5198.576406,3526.122609
cuda,256,256,500,1,64,0,0,2.737632009,5.709307,11969.46846,5739.400596
cuda,256,256,500,1,64,0,0,2.740160013,5.833429,11958.42573,5617.279305
cuda,256,256,500,1,64,0,0,2.74390401,5.700918,11942.10872,5747.846224
cuda,256,256,500,1,64,0,0,2.732544005,5.747775,11991.75565,5700.988643
cuda,256,256,500,1,64,0,0,2.725792009,5.673104,12021.46014,5776.026669
cuda,256,256,500,1,64,1,0,4.129888009,7.577416,7934.355587,4324.429331
cuda,256,256,500,1,64,1,0,3.812576005,6.77734,8594.713904,4834.93524
cuda,256,256,500,1,64,1,0,3.832320009,6.80789,8550.434181,4813.238757
cuda,256,256,500,1,64,1,0,3.827744001,6.823487,8560.656093,4802.236745
cuda,256,256,500,1,64,1,0,3.819008013,6.791174,8580.238609,4825.086207
cuda,256,256,500,1,128,0,0,2.689920002,5.708009,12181.77492,5740.705735
cuda,256,256,500,1,128,0,0,2.668287997,5.6746,12280.53345,5774.50393
cuda,256,256,500,1,128,0,0,2.690015996,5.713342,12181.3402,5735.347193
cuda,256,256,500,1,128,0,0,2.770304007,5.749496,11828.30474,5699.282163
cuda,256,256,500,1,128,0,0,2.673887996,5.772654,12254.81398,5676.418507
cuda,256,256,500,1,128,1,0,3.548864021,6.683558,9233.377161,4902.777832
cuda,256,256,500,1,128,1,0,3.701088018,6.77708,8853.612733,4835.12073
cuda,256,256,500,1,128,1,0,3.531776031,6.542016,9278.051529,5008.85354
cuda,256,256,500,1,128,1,0,3.538112021,6.531521,9261.436553,5016.901882
cuda,256,256,500,1,128,1,0,3.669824025,6.943995,8929.038499,4718.897407
cuda,256,256,500,1,256,0,0,2.725056011,5.791381,12024.70697,5658.06325
cuda,256,256,500,1,256,0,0,2.72569601,5.692581,12021.88354,5756.264162
cuda,256,256,500,1,256,0,0,2.742784006,5.657526,11946.98523,5791.930961
cuda,256,256,500,1,256,0,0,2.939936007,6.204841,11145.82083,5281.037822
cuda,256,256,500,1,256,0,0,2.745792003,5.774944,11933.89738,5674.167576
cuda,256,256,500,1,256,1,0,3.608256021,6.590534,9081.395502,4971.979509
cuda,256,256,500,1,256,1,0,3.843552024,7.465373,8525.447242,4389.33192
cuda,256,256,500,1,256,1,0,3.553856011,6.511701,9220.407326,5032.172085
cuda,256,256,500,1,256,1,0,3.543296013,6.497769,9247.886681,5042.961669
cuda,256,256,500,1,256,1,0,3.592864017,6.561176,9120.300642,4994.226645
cuda,256,256,500,1,512,0,0,2.951488012,6.160351,11102.19654,5319.17743
cuda,256,256,500,1,512,0,0,2.904128019,5.932528,11283.24915,5523.446328
cuda,256,256,500,1,512,0,0,2.888192018,5.988308,11345.50605,5471.99643
cuda,256,256,500,1,512,0,0,2.880384017,5.899499,11376.26087,5554.369956
cuda,256,256,500,1,512,0,0,2.908704021,5.933744,11265.49823,5522.314411
cuda,256,256,500,1,512,1,0,3.798432001,6.847467,8626.717548,4785.419192
cuda,256,256,500,1,512,1,0,3.779360005,6.812023,8670.251036,4810.318462
cuda,256,256,500,1,512,1,0,3.765503996,6.726669,8702.155152,4871.35609
cuda,256,256,500,1,512,1,0,3.776768011,6.790182,8676.201425,4825.79112
cuda,256,256,500,1,512,1,0,3.88031999,6.845965,8444.664379,4786.46911
opencl,256,256,500,1,32,0,0,3.681376,9.58172,8901.019619,3419.845289
opencl,256,256,500,1,32,0,0,3.602176,8.823439,9096.723758,3713.74472
opencl,256,256,500,1,32,0,0,3.584256,8.832869,9142.204128,3709.779914
opencl,256,256,500,1,32,0,0,3.610816,8.846133,9074.957018,3704.217425
opencl,256,256,500,1,32,0,0,3.60576,8.861854,9087.681931,3697.646113
opencl,256,256,500,1,32,1,0,6.274176,11.548423,5222.677846,2837.443693
opencl,256,256,500,1,32,1,0,6.201792,11.512768,5283.63415,2846.231245
opencl,256,256,500,1,32,1,0,6.232064,11.608536,5257.969109,2822.750431
opencl,256,256,500,1,32,1,0,6.226016,11.562691,5263.076741,2833.942376
opencl,256,256,500,1,32,1,0,6.24112,11.460894,5250.339683,2859.113783
opencl,256,256,500,1,64,0,0,2.579424,7.793394,12703.61135,4204.586602
opencl,256,256,500,1,64,0,0,2.583232,7.802478,12684.88467,4199.691431
opencl,256,256,500,1,64,0,0,2.58384,7.927917,12681.89981,4133.242061
opencl,256,256,500,1,64,0,0,2.549056,7.782542,12854.95493,4210.449491
opencl,256,256,500,1,64,0,0,2.587776,7.785203,12662.61067,4209.01035
opencl,256,256,500,1,64,1,0,3.675232,9.129067,8915.899731,3589.413902
opencl,256,256,500,1,64,1,0,3.657952,8.891753,8958.018039,3685.212578
opencl,256,256,500,1,64,1,0,3.778528,9.22381,8672.160164,3552.54499
opencl,256,256,500,1,64,1,0,3.70128,9.086613,8853.153504,3606.184174
opencl,256,256,500,1,64,1,0,3.644704,8.860215,8990.579208,3698.33012
opencl,256,256,500,1,128,0,0,2.777056,8.438032,11799.54599,3883.369961
opencl,256,256,500,1,128,0,0,2.515392,7.718975,13026.99539,4245.123219
opencl,256,256,500,1,128,0,0,2.716448,8.504408,12062.81144,3853.060672
opencl,256,256,500,1,128,0,0,2.50976,7.695084,13056.22848,4258.303093
opencl,256,256,500,1,128,0,0,2.517088,7.752576,13018.21788,4226.724124
opencl,256,256,500,1,128,1,0,3.451872,8.636104,9492.820128,3794.303542
opencl,256,256,500,1,128,1,0,3.424736,8.637336,9568.036777,3793.762336
opencl,256,256,500,1,128,1,0,3.428544,8.613811,9557.409793,3804.123401
opencl,256,256,500,1,128,1,0,3.53408,8.873661,9272.002898,3692.726148
opencl,256,256,500,1,128,1,0,3.415008,8.611135,9595.29231,3805.305572
opencl,256,256,500,1,256,0,0,2.588192,7.761465,12660.57541,4221.883369
opencl,256,256,500,1,256,0,0,2.569408,7.863773,12753.13224,4166.956498
opencl,256,256,500,1,256,0,0,2.602656,7.810721,12590.21553,4195.259311
opencl,256,256,500,1,256,0,0,2.553792,7.789952,12831.11545,4206.444404
opencl,256,256,500,1,256,0,0,2.569312,7.787216,12753.60875,4207.922318
opencl,256,256,500,1,256,1,0,3.5096,8.839806,9336.676544,3706.86868
opencl,256,256,500,1,256,1,0,3.44448,8.703903,9513.192122,3764.747838
opencl,256,256,500,1,256,1,0,3.44144,8.76757,9521.595611,3737.409567
opencl,256,256,500,1,256,1,0,3.543904,8.951536,9246.300126,3660.600818
opencl,256,256,500,1,256,1,0,3.459968,8.764512,9470.607821,3738.713576
opencl,256,256,500,1,512,0,0,2.697344,7.847854,12148.24657,4175.408972
opencl,256,256,500,1,512,0,0,2.713888,7.898171,12074.19024,4148.808629
opencl,256,256,500,1,512,0,0,2.8224,8.193463,11609.97732,3999.285772
opencl,256,256,500,1,512,0,0,2.694464,7.905524,12161.23132,4144.949784
opencl,256,256,500,1,512,0,0,2.709632,7.953024,12093.15509,4120.193778
opencl,256,256,500,1,512,1,0,3.630816,8.842755,9024.968492,3705.632464
opencl,256,256,500,1,512,1,0,3.622976,8.815183,9044.498225,3717.222887
opencl,256,256,500,1,512,1,0,3.645824,8.890004,8987.817295,3685.937599
opencl,256,256,500,1,512,1,0,3.65024,8.89928,8976.943982,3682.09563
opencl,256,256,500,1,512,1,0,3.659744,8.889477,8953.631729,3686.156115
cuda,512,512,200,1,32,0,0,3.709087998,4.948885,14135.22678,10594.06311
cuda,512,512,200,1,32,0,0,3.74489601,4.986892,14000.06832,10513.32172
cuda,512,512,200,1,32,0,0,3.714208024,4.895761,14115.74141,10709.0195
cuda,512,512,200,1,32,0,0,3.704576027,4.928096,14152.44271,10638.75379
cuda,512,512,200,1,32,0,0,3.745792024,5.013419,13996.71943,10457.69364
cuda,512,512,200,1,32,1,0,7.470208026,8.838652,7018.385541,5931.764255
cuda,512,512,200,1,32,1,0,7.420192033,8.654852,7065.693147,6057.735014
cuda,512,512,200,1,32,1,0,7.416480027,8.622087,7069.229582,6080.755158
cuda,512,512,200,1,32,1,0,7.433151994,8.772672,7053.373864,5976.377551
cuda,512,512,200,1,32,1,0,7.396639988,8.634219,7088.191407,6072.211048
cuda,512,512,200,1,64,0,0,2.045503991,3.264659,25631.23819,16059.50269
cuda,512,512,200,1,64,0,0,2.060383981,3.297648,25446.13066,15898.84669
cuda,512,512,200,1,64,0,0,2.055487982,3.238122,25506.7412,16191.11324
cuda,512,512,200,1,64,0,0,2.045311981,3.255204,25633.6444,16106.1488
cuda,512,512,200,1,64,0,0,2.055519976,3.292209,25506.34419,15925.1129
cuda,512,512,200,1,64,1,0,3.563903989,4.826609,14711.05848,10862.45022
cuda,512,512,200,1,64,1,0,3.561119981,4.872499,14722.55927,10760.14587
cuda,512,512,200,1,64,1,0,3.565151984,4.820291,14705.90882,10876.68774
cuda,512,512,200,1,64,1,0,3.585599991,4.811887,14622.04377,10895.68396
cuda,512,512,200,1,64,1,0,3.582015973,4.823098,14636.67399,10870.3576
cuda,512,512,200,1,128,0,0,2.011328001,3.243935,26066.75788,16162.09943
cuda,512,512,200,1,128,0,0,2.070271999,3.369578,25324.59505,15559.45581
cuda,512,512,200,1,128,0,0,2.033696004,3.277251,25780.05754,15997.79815
cuda,512,512,200,1,128,0,0,2.280064012,3.743793,22994.44214,14004.19307
cuda,512,512,200,1,128,0,0,2.219871997,3.653542,23617.93836,14350.12927
cuda,512,512,200,1,128,1,0,3.209696007,4.466247,16334.50641,11738.89398
cuda,512,512,200,1,128,1,0,3.212896001,4.409104,16318.2375,11891.03274
cuda,512,512,200,1,128,1,0,3.209216002,4.454451,16336.94957,11769.98018
cuda,512,512,200,1,128,1,0,3.201120012,4.415431,16378.26755,11873.99373
cuda,512,512,200,1,128,1,0,3.187584003,4.413418,16447.81752,11879.40956
cuda,512,512,200,1,256,0,0,2.114463985,3.330366,24795.31473,15742.65411
cuda,512,512,200,1,256,0,0,2.141247987,3.382818,24485.16021,15498.55771
cuda,512,512,200,1,256,0,0,2.133503984,3.367235,24574.03426,15570.28244
cuda,512,512,200,1,256,0,0,2.112959985,3.357682,24812.96398,15614.58173
cuda,512,512,200,1,256,0,0,2.230015992,3.589834,23510.50404,14604.79788
cuda,512,512,200,1,256,1,0,3.284095991,4.494467,15964.45419,11665.18744
cuda,512,512,200,1,256,1,0,3.293311997,4.524869,15919.77925,11586.81058
cuda,512,512,200,1,256,1,0,3.299359989,4.599059,15890.59702,11399.89724
cuda,512,512,200,1,256,1,0,3.289695981,4.53856,15937.27819,11551.85786
cuda,512,512,200,1,256,1,0,3.276415989,4.500216,16001.87527,11650.28523
cuda,512,512,200,1,512,0,0,2.359743997,3.598541,22218.00333,14569.46023
cuda,512,512,200,1,512,0,0,2.310111995,3.53608,22695.34989,14826.81387
cuda,512,512,200,1,512,0,0,2.315007998,3.559761,22647.35157,14728.17979
cuda,512,512,200,1,512,0,0,2.518528002,3.897882,20817.23926,13450.58675
cuda,512,512,200,1,512,0,0,2.329503992,3.562,22506.42205,14718.92195
cuda,512,512,200,1,512,1,0,3.555647979,4.74951,14745.21671,11038.78084
cuda,512,512,200,1,512,1,0,3.520351987,4.796691,14893.0562,10930.20167
cuda,512,512,200,1,512,1,0,3.556735976,4.822409,14740.70619,10871.9107
cuda,512,512,200,1,512,1,0,3.529023986,4.792993,14856.45895,10938.63479
cuda,512,512,200,1,512,1,0,3.520351972,4.786777,14893.05627,10952.83946
opencl,512,512,200,1,32,0,0,3.543712,5.667945,14794.88175,9250.054473
opencl,512,512,200,1,32,0,0,3.549952,5.653833,14768.87575,9273.142663
opencl,512,512,200,1,32,0,0,3.543008,5.651265,14797.82151,9277.356486
opencl,512,512,200,1,32,0,0,3.602176,5.729825,14554.75801,9150.157291
opencl,512,512,200,1,32,0,0,3.552,5.644459,14760.36036,9288.542976
opencl,512,512,200,1,32,1,0,7.257184,9.369333,7224.399988,5595.787875
opencl,512,512,200,1,32,1,0,7.26928,9.409059,7212.378667,5572.161892
opencl,512,512,200,1,32,1,0,7.264864,9.389094,7216.762764,5584.010555
opencl,512,512,200,1,32,1,0,7.2744,9.355718,7207.30232,5603.9312
opencl,512,512,200,1,32,1,0,7.27936,9.370874,7202.391419,5594.867672
opencl,512,512,200,1,64,0,0,1.878624,3.976401,27908.08592,13184.98813
opencl,512,512,200,1,64,0,0,1.881184,3.956343,27870.10734,13251.83383
opencl,512,512,200,1,64,0,0,1.872512,3.964408,27999.17971,13224.87494
opencl,512,512,200,1,64,0,0,1.87664,3.96673,27937.59059,13217.13351
opencl,512,512,200,1,64,0,0,1.923936,4.054792,27250.80252,12930.08371
opencl,512,512,200,1,64,1,0,3.417568,5.526417,15340.96761,9486.942444
opencl,512,512,200,1,64,1,0,3.429184,5.549765,15289.0017,9447.03064
opencl,512,512,200,1,64,1,0,3.477888,5.727565,15074.89603,9153.767788
opencl,512,512,200,1,64,1,0,3.558464,5.909835,14733.54796,8871.449034
opencl,512,512,200,1,64,1,0,3.430208,5.531199,15284.43756,9478.740505
opencl,512,512,200,1,128,0,0,1.83776,3.934134,28528.64357,13326.64317
opencl,512,512,200,1,128,0,0,2.016384,4.294482,26001.39656,12208.4107
opencl,512,512,200,1,128,0,0,1.83952,3.90548,28501.34818,13424.41902
opencl,512,512,200,1,128,0,0,1.99024,4.270794,26342.95361,12276.12477
opencl,512,512,200,1,128,0,0,1.83936,3.93771,28503.82742,13314.54068
opencl,512,512,200,1,128,1,0,3.081824,5.203954,17012.26287,10074.80081
opencl,512,512,200,1,128,1,0,3.081888,5.195892,17011.90958,10090.43298
opencl,512,512,200,1,128,1,0,3.179744,5.429139,16488.37139,9656.927185
opencl,512,512,200,1,128,1,0,3.086336,5.187936,16987.39217,10105.90724
opencl,512,512,200,1,128,1,0,3.08096,5.187128,17017.03365,10107.48144
opencl,512,512,200,1,256,0,0,1.94944,4.056927,26894.28759,12923.27912
opencl,512,512,200,1,256,0,0,1.945728,4.39725,26945.59568,11923.08829
opencl,512,512,200,1,256,0,0,1.962144,4.205795,26720.15917,12465.84772
opencl,512,512,200,1,256,0,0,1.953696,4.034157,26835.70013,12996.22201
opencl,512,512,200,1,256,0,0,1.961056,4.205857,26734.9836,12465.66395
opencl,512,512,200,1,256,1,0,3.175008,5.274558,16512.96627,9939.941887
opencl,512,512,200,1,256,1,0,3.178208,5.270239,16496.34008,9948.087743
opencl,512,512,200,1,256,1,0,3.170176,5.287699,16538.13542,9915.239124
opencl,512,512,200,1,256,1,0,3.203008,5.398627,16368.6135,9711.506277
opencl,512,512,200,1,256,1,0,3.31376,5.603308,15821.54411,9356.758543
opencl,512,512,200,1,512,0,0,2.157408,4.244643,24301.7547,12351.75726
opencl,512,512,200,1,512,0,0,2.148448,4.251454,24403.10401,12331.96925
opencl,512,512,200,1,512,0,0,2.178848,4.262174,24062.62392,12300.95252
opencl,512,512,200,1,512,0,0,2.16192,4.248909,24251.03612,12339.35582
opencl,512,512,200,1,512,0,0,2.153088,4.243465,24350.51424,12355.18615
opencl,512,512,200,1,512,1,0,3.432704,5.568644,15273.32389,9415.003006
opencl,512,512,200,1,512,1,0,3.419488,5.561057,15332.35385,9427.847979
opencl,512,512,200,1,512,1,0,3.431968,5.519436,15276.59932,9498.941559
opencl,512,512,200,1,512,1,0,3.42768,5.531257,15295.71022,9478.641112
opencl,512,512,200,1,512,1,0,3.437856,5.526617,15250.43515,9486.599126
cuda,1024,1024,100,1,32,0,0,5.862432018,6.554624,17886.36519,15997.50039
cuda,1024,1024,100,1,32,0,0,5.851360004,6.521718,17920.20999,16078.21743
cuda,1024,1024,100,1,32,0,0,5.863104019,6.546316,17884.31514,16017.80299
cuda,1024,1024,100,1,32,0,0,5.858079992,6.541165,17899.65315,16030.4166
cuda,1024,1024,100,1,32,0,0,5.840512026,6.530854,17953.49441,16055.72564
cuda,1024,1024,100,1,32,1,0,15.11436813,15.808266,6937.610565,6633.086766
cuda,1024,1024,100,1,32,1,0,15.1563202,15.839901,6918.407544,6619.839354
cuda,1024,1024,100,1,32,1,0,15.12550406,15.833436,6932.502849,6622.542321
cuda,1024,1024,100,1,32,1,0,15.12774408,15.840527,6931.47633,6619.577745
cuda,1024,1024,100,1,32,1,0,15.13744012,15.831797,6927.036487,6623.227925
cuda,1024,1024,100,1,64,0,0,3.355520029,4.033432,31249.28449,25997.1161
cuda,1024,1024,100,1,64,0,0,3.359424002,4.043774,31212.96982,25930.62817
cuda,1024,1024,100,1,64,0,0,3.313407972,4.009586,31646.45008,26151.72739
cuda,1024,1024,100,1,64,0,0,3.346879978,4.035524,31329.95527,25983.6393
cuda,1024,1024,100,1,64,0,0,3.319839984,4.01505,31585.13678,26116.13803
cuda,1024,1024,100,1,64,1,0,6.661472,7.350578,15740.90531,14265.21833
cuda,1024,1024,100,1,64,1,0,6.676607989,7.367992,15705.2204,14231.50297
cuda,1024,1024,100,1,64,1,0,6.67775999,7.357546,15702.51104,14251.70838
cuda,1024,1024,100,1,64,1,0,6.678208031,7.360344,15701.45756,14246.29066
cuda,1024,1024,100,1,64,1,0,6.662816018,7.345771,15737.73007,14274.55335
cuda,1024,1024,100,1,128,0,0,3.347999994,4.041225,31319.47437,25946.9839
cuda,1024,1024,100,1,128,0,0,3.34832,4.034303,31316.4811,25991.50337
cuda,1024,1024,100,1,128,0,0,3.329791985,4.062515,31490.7359,25811.00624
cuda,1024,1024,100,1,128,0,0,3.357247993,4.045301,31233.20059,25920.84001
cuda,1024,1024,100,1,128,0,0,3.392800007,4.127801,30905.91835,25402.77499
cuda,1024,1024,100,1,128,1,0,5.864480026,6.58704,17880.11887,15918.77383
cuda,1024,1024,100,1,128,1,0,5.916288037,6.653375,17723.54546,15760.06162
cuda,1024,1024,100,1,128,1,0,5.845472019,6.558375,17938.26053,15988.35077
cuda,1024,1024,100,1,128,1,0,5.871039979,6.593983,17860.14069,15902.01249
cuda,1024,1024,100,1,128,1,0,6.100575984,6.80447,17188.14753,15410.10542
cuda,1024,1024,100,1,256,0,0,3.737568051,4.415306,28055.03434,23748.65978
cuda,1024,1024,100,1,256,0,0,3.581984036,4.269907,29273.60897,24557.34984
cuda,1024,1024,100,1,256,0,0,3.596000034,4.264933,29159.51029,24585.98998
cuda,1024,1024,100,1,256,0,0,3.585376024,4.284358,29245.91432,24474.5187
cuda,1024,1024,100,1,256,0,0,3.642272025,4.301735,28789.06333,24375.65308
cuda,1024,1024,100,1,256,1,0,6.036832012,6.74575,17369.6402,15544.24638
cuda,1024,1024,100,1,256,1,0,6.001632042,6.703305,17471.51429,15642.67179
cuda,1024,1024,100,1,256,1,0,6.052960008,6.744286,17323.35913,15547.62061
cuda,1024,1024,100,1,256,1,0,6.081920002,6.785374,17240.8713,15453.4739
cuda,1024,1024,100,1,256,1,0,6.066111997,6.742469,17285.80021,15551.81047
cuda,1024,1024,100,1,512,0,0,4.075839989,4.773685,25726.62329,21965.75601
cuda,1024,1024,100,1,512,0,0,4.082559973,4.767984,25684.2767,21992.02011
cuda,1024,1024,100,1,512,0,0,4.078879982,4.782397,25707.44922,21925.74142
cuda,1024,1024,100,1,512,0,0,4.11980797,4.853947,25452.06009,21602.54325
cuda,1024,1024,100,1,512,0,0,4.067071993,4.785536,25782.08603,21911.35956
cuda,1024,1024,100,1,512,1,0,6.673440002,7.369351,15712.67592,14228.8785
cuda,1024,1024,100,1,512,1,0,6.698527977,7.389383,15653.82728,14190.3052
cuda,1024,1024,100,1,512,1,0,6.694528006,7.381036,15663.18042,14206.3526
cuda,1024,1024,100,1,512,1,0,6.713952012,7.451425,15617.86557,14072.15398
cuda,1024,1024,100,1,512,1,0,6.660544001,7.365971,15743.09846,14235.40766
opencl,1024,1024,100,1,32,0,0,5.820608,6.89798,18014.88779,15201.20383
opencl,1024,1024,100,1,32,0,0,5.848896,6.951041,17927.75936,15085.16494
opencl,1024,1024,100,1,32,0,0,5.85888,6.932362,17897.20902,15125.81138
opencl,1024,1024,100,1,32,0,0,5.854048,6.95079,17911.98159,15085.70968
opencl,1024,1024,100,1,32,0,0,5.855648,6.920383,17907.08731,15151.99376
opencl,1024,1024,100,1,32,1,0,15.099456,16.238402,6944.462105,6457.384169
opencl,1024,1024,100,1,32,1,0,15.042368,16.128856,6970.817361,6501.242246
opencl,1024,1024,100,1,32,1,0,15.04128,16.145526,6971.32159,6494.529816
opencl,1024,1024,100,1,32,1,0,15.044192,16.129165,6969.972199,6501.117696
opencl,1024,1024,100,1,32,1,0,15.040192,16.144161,6971.825892,6495.078933
opencl,1024,1024,100,1,64,0,0,3.215104,4.303804,32614.06163,24363.93479
opencl,1024,1024,100,1,64,0,0,3.215488,4.316837,32610.16679,24290.37742
opencl,1024,1024,100,1,64,0,0,3.220352,4.29488,32560.9126,24414.55873
opencl,1024,1024,100,1,64,0,0,3.226784,4.302801,32496.00841,24369.61412
opencl,1024,1024,100,1,64,0,0,3.293984,4.372026,31833.06294,23983.7549
opencl,1024,1024,100,1,64,1,0,6.588032,7.671226,15916.37685,13668.9494
opencl,1024,1024,100,1,64,1,0,6.612512,7.730027,15857.45326,13564.97202
opencl,1024,1024,100,1,64,1,0,6.641376,7.816238,15788.53539,13415.35404
opencl,1024,1024,100,1,64,1,0,6.65216,7.763611,15762.94016,13506.29237
opencl,1024,1024,100,1,64,1,0,6.583712,7.660892,15926.82061,13687.38784
opencl,1024,1024,100,1,128,0,0,3.233312,4.328933,32430.39954,24222.50471
opencl,1024,1024,100,1,128,0,0,3.220032,4.327557,32564.14843,24230.20656
opencl,1024,1024,100,1,128,0,0,3.247392,4.342102,32289.78824,24149.04118
opencl,1024,1024,100,1,128,0,0,3.257248,4.334509,32192.08362,24191.34439
opencl,1024,1024,100,1,128,0,0,3.21856,4.311465,32579.04156,24320.64275
opencl,1024,1024,100,1,128,1,0,5.829664,6.925543,17986.90285,15140.70449
opencl,1024,1024,100,1,128,1,0,5.78688,6.864054,18119.88498,15276.3367
opencl,1024,1024,100,1,128,1,0,5.801888,6.880382,18073.01347,15240.08405
opencl,1024,1024,100,1,128,1,0,5.7744,6.860485,18159.04683,15284.28384
opencl,1024,1024,100,1,128,1,0,5.785696,6.875808,18123.59308,15250.22223
opencl,1024,1024,100,1,256,0,0,3.472608,4.55386,30195.63394,23026.09215
opencl,1024,1024,100,1,256,0,0,3.465696,4.562048,30255.85626,22984.76474
opencl,1024,1024,100,1,256,0,0,3.474592,4.55963,30178.39217,22996.9537
opencl,1024,1024,100,1,256,0,0,3.472192,4.555518,30199.25165,23017.71171
opencl,1024,1024,100,1,256,0,0,3.46928,4.564556,30224.59992,22972.13573
opencl,1024,1024,100,1,256,1,0,5.997216,7.073976,17484.37942,14823.0076
opencl,1024,1024,100,1,256,1,0,6.007072,7.099275,17455.69222,14770.18428
opencl,1024,1024,100,1,256,1,0,6.06048,7.173719,17301.86388,14616.9093
opencl,1024,1024,100,1,256,1,0,5.997216,7.175706,17484.37942,14612.86179
opencl,1024,1024,100,1,256,1,0,5.979776,7.057795,17535.37256,14856.99145
opencl,1024,1024,100,1,512,0,0,3.91824,5.01124,26761.40308,20924.48176
opencl,1024,1024,100,1,512,0,0,3.919456,5.012059,26753.10043,20921.06258
opencl,1024,1024,100,1,512,0,0,3.913376,4.99152,26794.66527,21007.14812
opencl,1024,1024,100,1,512,0,0,3.919104,4.994353,26755.5033,20995.23202
opencl,1024,1024,100,1,512,0,0,3.925696,4.995855,26710.57565,20988.91981
opencl,1024,1024,100,1,512,1,0,6.815008,7.975423,15386.27688,13147.59104
opencl,1024,1024,100,1,512,1,0,6.789568,7.875368,15443.9281,13314.6286
opencl,1024,1024,100,1,512,1,0,6.76144,7.943768,15508.17577,13199.98268
opencl,1024,1024,100,1,512,1,0,6.7912,7.876272,15440.21675,13313.10041
opencl,1024,1024,100,1,512,1,0,6.807552,7.972264,15403.12876,13152.80076
cuda,2048,2048,40,1,32,0,0,8.800735965,9.134252,19063.42386,18367.36714
cuda,2048,2048,40,1,32,0,0,8.781024024,9.10956,19106.21808,18417.15297
cuda,2048,2048,40,1,32,0,0,8.78044802,9.116851,19107.47147,18402.42426
cuda,2048,2048,40,1,32,0,0,8.780607998,9.174617,19107.12334,18286.55736
cuda,2048,2048,40,1,32,0,0,8.791263983,9.134353,19083.96339,18367.16405
cuda,2048,2048,40,1,32,1,0,25.16508806,25.502952,6666.861631,6578.53883
cuda,2048,2048,40,1,32,1,0,29.18905598,29.540282,5747.776157,5679.436642
cuda,2048,2048,40,1,32,1,0,28.40211189,28.751306,5907.031162,5835.288317
cuda,2048,2048,40,1,32,1,0,27.33708811,27.680823,6137.162793,6060.95274
cuda,2048,2048,40,1,32,1,0,27.37683207,27.743472,6128.253247,6047.266182
cuda,2048,2048,40,1,64,0,0,5.142815962,5.489646,32622.62566,30561.56262
cuda,2048,2048,40,1,64,0,0,5.127391964,5.453713,32720.75963,30762.92427
cuda,2048,2048,40,1,64,0,0,5.860960111,6.215469,28625.37141,26992.67907
cuda,2048,2048,40,1,64,0,0,6.160320029,6.502072,27234.32536,25802.87638
cuda,2048,2048,40,1,64,0,0,6.49673596,6.887627,25824.06935,24358.48515
cuda,2048,2048,40,1,64,1,0,15.29827213,15.649672,10966.73915,10720.4905
cuda,2048,2048,40,1,64,1,0,13.11743996,13.457402,12790.00785,12466.90557
cuda,2048,2048,40,1,64,1,0,11.3523201,11.700762,14778.66713,14338.56701
cuda,2048,2048,40,1,64,1,0,11.34387213,11.668985,14789.67306,14377.61382
cuda,2048,2048,40,1,64,1,0,11.35510406,11.694198,14775.04382,14346.6153
cuda,2048,2048,40,1,128,0,0,5.294592023,5.629719,31687.45756,29801.16059
cuda,2048,2048,40,1,128,0,0,5.698528066,6.045859,29441.31503,27749.92933
cuda,2048,2048,40,1,128,0,0,5.401151985,5.838574,31062.29198,28735.12608
cuda,2048,2048,40,1,128,0,0,5.418847993,5.748879,30960.85371,29183.45646
cuda,2048,2048,40,1,128,0,0,5.402144,5.735274,31056.5879,29252.68435
cuda,2048,2048,40,1,128,1,0,10.09776007,10.434544,16614.78971,16078.533
cuda,2048,2048,40,1,128,1,0,11.78313598,12.124138,14238.32843,13837.86295
cuda,2048,2048,40,1,128,1,0,12.66787192,13.016972,13243.91034,12888.72404
cuda,2048,2048,40,1,128,1,0,13.09926397,13.449948,12807.75473,12473.81477
cuda,2048,2048,40,1,128,1,0,11.34419203,11.697764,14789.256,14342.24182
cuda,2048,2048,40,1,256,0,0,6.005760059,6.340408,27935.20859,26460.78297
cuda,2048,2048,40,1,256,0,0,6.028160065,6.356924,27831.40431,26392.03489
cuda,2048,2048,40,1,256,0,0,6.022880077,6.358833,27855.80285,26384.11168
cuda,2048,2048,40,1,256,0,0,6.017184079,6.347338,27882.17176,26431.89318
cuda,2048,2048,40,1,256,0,0,7.71174401,8.078356,21755.41094,20768.10678
cuda,2048,2048,40,1,256,1,0,13.63523191,13.984718,12304.31291,11996.8211
cuda,2048,2048,40,1,256,1,0,11.09078392,11.450239,15127.16875,14652.28455
cuda,2048,2048,40,1,256,1,0,9.828927934,10.165702,17069.22272,16503.74563
cuda,2048,2048,40,1,256,1,0,9.851519987,10.178596,17030.07863,16482.83909
cuda,2048,2048,40,1,256,1,0,9.83558397,10.169476,17057.67146,16497.62092
cuda,2048,2048,40,1,512,0,0,6.522303939,6.857141,25722.83683,24466.77996
cuda,2048,2048,40,1,512,0,0,7.22048004,7.559816,23235.5964,22192.62479
cuda,2048,2048,40,1,512,0,0,7.03987202,7.370655,23831.70596,22762.17785
cuda,2048,2048,40,1,512,0,0,7.040063992,7.397633,23831.05611,22679.16778
cuda,2048,2048,40,1,512,0,0,7.06755203,7.407016,23738.36928,22650.43845
cuda,2048,2048,40,1,512,1,0,11.81417605,12.155482,14200.91924,13802.18078
cuda,2048,2048,40,1,512,1,0,14.464672,14.841921,11598.75316,11303.93835
cuda,2048,2048,40,1,512,1,0,15.18470395,15.564098,11048.76069,10779.43354
cuda,2048,2048,40,1,512,1,0,12.77945596,13.15355,13128.27092,12754.89583
cuda,2048,2048,40,1,512,1,0,10.86700803,11.201012,15438.67084,14978.30375
opencl,2048,2048,40,1,32,0,0,9.305504,9.812286,18029.34693,17098.17264
opencl,2048,2048,40,1,32,0,0,9.340672,9.838006,17961.46573,17053.47201
opencl,2048,2048,40,1,32,0,0,9.31664,9.825238,18007.7968,17075.63318
opencl,2048,2048,40,1,32,0,0,11.41712,11.955187,14694.78818,14033.41997
opencl,2048,2048,40,1,32,0,0,12.51552,13.043967,13405.12899,12862.05033
opencl,2048,2048,40,1,32,1,0,35.78848,36.337829,4687.881687,4617.011104
opencl,2048,2048,40,1,32,1,0,32.60976,33.141046,5144.844979,5062.367675
opencl,2048,2048,40,1,32,1,0,33.173984,33.80095,5057.341319,4963.533865
opencl,2048,2048,40,1,32,1,0,32.621088,33.13693,5143.05838,5062.996482
opencl,2048,2048,40,1,32,1,0,29.880256,30.397408,5614.816687,5519.291645
opencl,2048,2048,40,1,64,0,0,5.422464,5.927707,30940.20726,28303.04534
opencl,2048,2048,40,1,64,0,0,5.41776,5.918981,30967.07126,28344.77083
opencl,2048,2048,40,1,64,0,0,5.437824,6.128461,30852.81171,27375.904
opencl,2048,2048,40,1,64,0,0,5.093696,5.591813,32937.21494,30003.17786
opencl,2048,2048,40,1,64,0,0,4.629792,5.190477,36237.51564,32323.07166
opencl,2048,2048,40,1,64,1,0,10.083904,10.574573,16637.61972,15865.6203
opencl,2048,2048,40,1,64,1,0,10.073344,10.703152,16655.06112,15675.02358
opencl,2048,2048,40,1,64,1,0,10.072384,10.616055,16656.64852,15803.62573
opencl,2048,2048,40,1,64,1,0,10.069408,10.567367,16661.57137,15876.43923
opencl,2048,2048,40,1,64,1,0,10.098528,10.598944,16613.52625,15829.1392
opencl,2048,2048,40,1,128,0,0,4.701568,5.193234,35684.29937,32305.91188
opencl,2048,2048,40,1,128,0,0,4.70352,5.195468,35669.49008,32292.02066
opencl,2048,2048,40,1,128,0,0,4.713632,5.2284,35592.9695,32088.62367
opencl,2048,2048,40,1,128,0,0,4.716384,5.235522,35572.20108,32044.97278
opencl,2048,2048,40,1,128,0,0,4.751232,5.280563,35311.2961,31771.64253
opencl,2048,2048,40,1,128,1,0,8.8016,9.346574,19061.55245,17950.12376
opencl,2048,2048,40,1,128,1,0,8.80288,9.308123,19058.78076,18024.27407
opencl,2048,2048,40,1,128,1,0,8.811008,9.321932,19041.19937,17997.57389
opencl,2048,2048,40,1,128,1,0,12.23616,12.817932,13711.17736,13088.86332
opencl,2048,2048,40,1,128,1,0,11.789056,12.306427,14231.17848,13632.88955
opencl,2048,2048,40,1,256,0,0,5.659232,6.168747,29645.74698,27197.12123
opencl,2048,2048,40,1,256,0,0,5.64528,6.161444,29719.01482,27229.35727
opencl,2048,2048,40,1,256,0,0,5.701184,6.289898,29427.5996,26673.27197
opencl,2048,2048,40,1,256,0,0,5.650272,6.150496,29692.75815,27277.82605
opencl,2048,2048,40,1,256,0,0,7.275904,7.799367,23058.6,21510.99698
opencl,2048,2048,40,1,256,1,0,10.988704,11.502476,15267.69308,14585.7431
opencl,2048,2048,40,1,256,1,0,9.6888,10.216283,17316.09281,16422.03529
opencl,2048,2048,40,1,256,1,0,9.690848,10.200219,17312.43334,16447.89783
opencl,2048,2048,40,1,256,1,0,9.691648,10.189449,17311.00428,16465.28286
opencl,2048,2048,40,1,256,1,0,9.683104,10.175536,17326.27885,16487.79583
opencl,2048,2048,40,1,512,0,0,7.976608,8.523457,21033.02055,19683.58144
opencl,2048,2048,40,1,512,0,0,8.322816,8.876573,20158.10034,18900.55543
opencl,2048,2048,40,1,512,0,0,7.34064,7.898756,22855.24968,21240.32696
opencl,2048,2048,40,1,512,0,0,6.095232,6.596203,27525.14753,25434.65688
opencl,2048,2048,40,1,512,0,0,5.924896,6.454254,28316.4734,25994.04362
opencl,2048,2048,40,1,512,1,0,10.391264,10.958076,16145.50068,15310.36653
opencl,2048,2048,40,1,512,1,0,10.399968,10.891639,16131.9881,15403.75696
opencl,2048,2048,40,1,512,1,0,10.392608,10.891382,16143.4127,15404.12043
opencl,2048,2048,40,1,512,1,0,10.410688,10.927757,16115.37681,15352.84505
opencl,2048,2048,40,1,512,1,0,10.388064,10.891207,16150.47424,15404.36795
cuda,4096,4096,20,1,32,0,0,27.76528001,27.992441,12085.03281,11986.96177
cuda,4096,4096,20,1,32,0,0,28.29916811,28.521773,11857.0383,11764.49725
cuda,4096,4096,20,1,32,0,0,28.37043226,28.59158,11827.25441,11735.77396
cuda,4096,4096,20,1,32,0,0,25.43625617,25.659084,13191.57653,13077.01865
cuda,4096,4096,20,1,32,0,0,21.65225613,21.871943,15496.96798,15341.31284
cuda,4096,4096,20,1,32,1,0,52.82822371,53.05981,6351.610871,6323.888457
cuda,4096,4096,20,1,32,1,0,72.75702381,72.983876,4611.847797,4597.513018
cuda,4096,4096,20,1,32,1,0,71.68672013,71.959013,4680.704032,4662.992251
cuda,4096,4096,20,1,32,1,0,72.36307168,72.582066,4636.955179,4622.964576
cuda,4096,4096,20,1,32,1,0,72.15510392,72.405554,4650.31996,4634.234551
cuda,4096,4096,20,1,64,0,0,13.5254401,13.74261,24808.38461,24416.34595
cuda,4096,4096,20,1,64,0,0,13.52310407,13.743292,24812.6701,24415.13431
cuda,4096,4096,20,1,64,0,0,12.90899217,13.147307,25993.06867,25521.90498
cuda,4096,4096,20,1,64,0,0,10.94079989,11.160782,30669.08483,30064.58866
cuda,4096,4096,20,1,64,0,0,10.45897609,10.672712,32081.94733,31439.46169
cuda,4096,4096,20,1,64,1,0,29.80384016,30.030675,11258.4257,11173.38588
cuda,4096,4096,20,1,64,1,0,29.94915235,30.170852,11203.80023,11121.47314
cuda,4096,4096,20,1,64,1,0,28.95744014,29.205689,11587.49939,11489.00545
cuda,4096,4096,20,1,64,1,0,25.35321605,25.57246,13234.78328,13121.31567
cuda,4096,4096,20,1,64,1,0,23.40726399,23.626294,14335.05087,14202.15629
cuda,4096,4096,20,1,128,0,0,10.11241603,10.322874,33181.41966,32504.93225
cuda,4096,4096,20,1,128,0,0,9.53519997,9.744894,35190.06639,34432.83426
cuda,4096,4096,20,1,128,0,0,13.33520001,13.555616,25162.30126,24753.15913
cuda,4096,4096,20,1,128,0,0,13.68723196,13.920049,24515.1336,24105.11055
cuda,4096,4096,20,1,128,0,0,13.6583358,13.87412,24566.99885,24184.9083
cuda,4096,4096,20,1,128,1,0,22.80275202,23.020189,14715.07999,14576.08884
cuda,4096,4096,20,1,128,1,0,20.14051235,20.353233,16660.16803,16486.04524
cuda,4096,4096,20,1,128,1,0,19.64675212,19.871525,17078.86973,16885.68542
cuda,4096,4096,20,1,128,1,0,26.09404802,26.31931,12859.03665,12748.9786
cuda,4096,4096,20,1,128,1,0,26.1170882,26.340953,12847.69257,12738.50342
cuda,4096,4096,20,1,256,0,0,13.83849597,14.057081,24247.1668,23870.1278
cuda,4096,4096,20,1,256,0,0,11.72291195,11.93815,28622.94977,28106.89428
cuda,4096,4096,20,1,256,0,0,11.20012796,11.416584,29958.97201,29390.95617
cuda,4096,4096,20,1,256,0,0,15.20767993,15.427954,22064.13612,21749.11333
cuda,4096,4096,20,1,256,0,0,15.20447993,15.42744,22068.77983,21749.83795
cuda,4096,4096,20,1,256,1,0,22.82015967,23.044667,14703.85505,14560.60615
cuda,4096,4096,20,1,256,1,0,20.78284824,20.998666,16145.2519,15979.31602
cuda,4096,4096,20,1,256,1,0,26.9550401,27.179736,12448.29608,12345.38555
cuda,4096,4096,20,1,256,1,0,25.53244805,25.754076,13141.8781,13028.78504
cuda,4096,4096,20,1,256,1,0,21.93206406,22.152029,15299.25862,15147.34023
cuda,4096,4096,20,1,512,0,0,13.20121616,13.410105,25417.68242,25021.75188
cuda,4096,4096,20,1,512,0,0,13.18857604,13.398802,25442.04309,25042.8598
cuda,4096,4096,20,1,512,0,0,17.28121603,17.500663,19416.70768,19173.23475
cuda,4096,4096,20,1,512,0,0,17.75769609,17.99988,18895.7125,18641.47539
cuda,4096,4096,20,1,512,0,0,17.27872014,17.503633,19419.5124,19169.98145
cuda,4096,4096,20,1,512,1,0,26.15327978,26.372678,12829.9136,12723.17965
cuda,4096,4096,20,1,512,1,0,23.51542413,23.730456,14269.11622,14139.81763
cuda,4096,4096,20,1,512,1,0,22.11638343,22.333251,15171.7536,15024.42793
cuda,4096,4096,20,1,512,1,0,20.55392003,20.766511,16325.07665,16157.95354
cuda,4096,4096,20,1,512,1,0,29.76831985,30.015314,11271.85954,11179.10411
opencl,4096,4096,20,1,32,0,0,28.391232,28.708622,11818.58963,11687.92846
opencl,4096,4096,20,1,32,0,0,22.984352,23.276387,14598.81575,14415.65308
opencl,4096,4096,20,1,32,0,0,20.065312,20.353188,16722.60666,16486.08169
opencl,4096,4096,20,1,32,0,0,28.14144,28.527306,11923.49503,11762.21547
opencl,4096,4096,20,1,32,0,0,29.127872,29.433566,11519.69907,11400.05666
opencl,4096,4096,20,1,32,1,0,72.070272,72.433366,4655.793723,4632.455159
opencl,4096,4096,20,1,32,1,0,71.80368,72.113662,4673.079708,4652.992383
opencl,4096,4096,20,1,32,1,0,72.435904,72.759117,4632.292847,4611.71512
opencl,4096,4096,20,1,32,1,0,72.023168,72.393067,4658.838667,4635.033905
opencl,4096,4096,20,1,32,1,0,72.175648,72.49477,4648.996293,4628.53141
opencl,4096,4096,20,1,64,0,0,12.495616,12.797619,26852.96347,26219.2772
opencl,4096,4096,20,1,64,0,0,10.621504,10.916291,31591.03645,30737.94204
opencl,4096,4096,20,1,64,0,0,9.37936,9.674036,35774.75649,34685.03942
opencl,4096,4096,20,1,64,0,0,9.029184,9.315164,37162.1976,36021.30032
opencl,4096,4096,20,1,64,0,0,9.034592,9.318619,37139.95275,36007.94495
opencl,4096,4096,20,1,64,1,0,19.684896,19.973159,17045.7756,16799.76212
opencl,4096,4096,20,1,64,1,0,28.832128,29.178419,11637.86176,11499.74301
opencl,4096,4096,20,1,64,1,0,25.466432,25.785561,13175.9455,13012.87647
opencl,4096,4096,20,1,64,1,0,29.48128,29.792393,11381.60623,11262.75154
opencl,4096,4096,20,1,64,1,0,29.47744,29.784053,11383.0889,11265.90528
opencl,4096,4096,20,1,128,0,0,11.98624,12.2816,27994.1266,27320.8963
opencl,4096,4096,20,1,128,0,0,10.202112,10.491235,32889.69186,31983.30035
opencl,4096,4096,20,1,128,0,0,9.13712,9.424257,36723.20381,35604.32616
opencl,4096,4096,20,1,128,0,0,9.135488,9.417614,36729.76419,35629.44075
opencl,4096,4096,20,1,128,0,0,12.408192,12.703661,27042.16053,26413.19853
opencl,4096,4096,20,1,128,1,0,25.90112,26.202781,12954.81894,12805.67586
opencl,4096,4096,20,1,128,1,0,25.02496,25.327935,13408.38587,13247.99357
opencl,4096,4096,20,1,128,1,0,21.789888,22.089895,15399.0842,15189.94635
opencl,4096,4096,20,1,128,1,0,19.023712,19.31395,17638.21488,17373.15878
opencl,4096,4096,20,1,128,1,0,17.393664,17.699938,19291.18097,18957.37262
opencl,4096,4096,20,1,256,0,0,10.063232,10.356135,33343.59379,32400.53553
opencl,4096,4096,20,1,256,0,0,14.036384,14.329584,23905.3249,23416.19408
opencl,4096,4096,20,1,256,0,0,13.472544,13.763393,24905.78765,24379.47678
opencl,4096,4096,20,1,256,0,0,12.264864,12.551416,27358.17698,26733.58289
opencl,4096,4096,20,1,256,0,0,11.3512,11.634178,29560.2509,28841.2572
opencl,4096,4096,20,1,256,1,0,20.49808,20.787413,16369.54876,16141.70652
opencl,4096,4096,20,1,256,1,0,26.662336,26.997264,12584.9558,12428.82686
opencl,4096,4096,20,1,256,1,0,23.227328,23.570855,14446.10073,14235.55997
opencl,4096,4096,20,1,256,1,0,20.114688,20.411805,16681.55728,16438.73827
opencl,4096,4096,20,1,256,1,0,26.73008,27.065543,12553.06082,12397.47231
opencl,4096,4096,20,1,512,0,0,17.000896,17.296106,19736.86093,19399.99211
opencl,4096,4096,20,1,512,0,0,16.215424,16.513272,20692.91065,20319.67499
opencl,4096,4096,20,1,512,0,0,13.726688,14.0177,24444.66721,23937.18798
opencl,4096,4096,20,1,512,0,0,12.035424,12.318838,27879.72572,27238.30933
opencl,4096,4096,20,1,512,0,0,11.800096,12.122158,28435.72798,27680.24637
opencl,4096,4096,20,1,512,1,0,30.48192,30.782438,11007.9785,10900.51152
opencl,4096,4096,20,1,512,1,0,30.277824,30.653017,11082.18081,10946.53489
opencl,4096,4096,20,1,512,1,0,26.754496,27.05406,12541.60497,12402.73438
opencl,4096,4096,20,1,512,1,0,27.097632,27.414861,12382.79123,12239.5047
opencl,4096,4096,20,1,512,1,0,30.112608,30.509155,11142.98436,10998.15187
cuda,8192,8192,10,1,32,0,0,53.51756811,53.674444,12539.5952,12502.94535
cuda,8192,8192,10,1,32,0,0,49.94355154,50.099067,13436.94269,13395.23229
cuda,8192,8192,10,1,32,0,0,53.52844763,53.683807,12537.04656,12500.76471
cuda,8192,8192,10,1,32,0,0,49.97404766,50.144572,13428.74295,13383.07644
cuda,8192,8192,10,1,32,0,0,52.33699179,52.532667,12822.45343,12774.69198
cuda,8192,8192,10,1,32,1,0,134.2248964,134.400831,4999.732969,4993.188175
cuda,8192,8192,10,1,32,1,0,133.1142082,133.297463,5041.450112,5034.519224
cuda,8192,8192,10,1,32,1,0,126.0356808,126.229482,5324.592496,5316.417602
cuda,8192,8192,10,1,32,1,0,135.7967997,135.98454,4941.859025,4935.036292
cuda,8192,8192,10,1,32,1,0,127.1943665,127.38889,5276.08776,5268.031145
cuda,8192,8192,10,1,64,0,0,26.47740746,26.630096,25345.70808,25200.38381
cuda,8192,8192,10,1,64,0,0,26.46499205,26.621659,25357.5984,25208.37037
cuda,8192,8192,10,1,64,0,0,26.75817633,26.912102,25079.75999,24936.31452
cuda,8192,8192,10,1,64,0,0,25.46070385,25.631973,26357.81964,26181.70049
cuda,8192,8192,10,1,64,0,0,26.46636796,26.633843,25356.28013,25196.83847
cuda,8192,8192,10,1,64,1,0,58.77596712,58.936033,11417.73879,11386.72907
cuda,8192,8192,10,1,64,1,0,58.74390459,58.903546,11423.97062,11393.00917
cuda,8192,8192,10,1,64,1,0,58.73465633,58.891178,11425.76942,11395.40187
cuda,8192,8192,10,1,64,1,0,58.734303,58.905043,11425.83815,11392.71964
cuda,8192,8192,10,1,64,1,0,58.72707129,58.891164,11427.24514,11395.40458
cuda,8192,8192,10,1,128,0,0,27.70377612,27.854567,24223.72449,24092.5892
cuda,8192,8192,10,1,128,0,0,27.74854398,27.901755,24184.64337,24051.84333
cuda,8192,8192,10,1,128,0,0,25.14364791,25.292724,26690.18602,26532.87325
cuda,8192,8192,10,1,128,0,0,27.70032024,27.852089,24226.74663,24094.73271
cuda,8192,8192,10,1,128,0,0,27.66707206,27.821562,24255.86049,24121.17048
cuda,8192,8192,10,1,128,1,0,51.4313283,51.584074,13048.24632,13009.60913
cuda,8192,8192,10,1,128,1,0,51.40943956,51.567028,13053.8019,13013.90959
cuda,8192,8192,10,1,128,1,0,50.8778882,51.032792,13190.18268,13150.1455
cuda,8192,8192,10,1,128,1,0,47.75065613,47.903613,14054.01924,14009.14457
cuda,8192,8192,10,1,128,1,0,51.68284798,51.837625,12984.74574,12945.97582
cuda,8192,8192,10,1,256,0,0,29.54454422,29.701779,22714.46921,22594.22373
cuda,8192,8192,10,1,256,0,0,29.54780793,29.697693,22711.96028,22597.33239
cuda,8192,8192,10,1,256,0,0,29.54326391,29.697602,22715.45358,22597.40164
cuda,8192,8192,10,1,256,0,0,29.629632,29.779461,22649.23979,22535.28497
cuda,8192,8192,10,1,256,0,0,27.50675178,27.657342,24397.23329,24264.39388
cuda,8192,8192,10,1,256,1,0,52.74447966,52.897858,12723.39104,12686.49933
cuda,8192,8192,10,1,256,1,0,52.82822418,52.983468,12703.22163,12666.00065
cuda,8192,8192,10,1,256,1,0,52.75328016,52.907326,12721.26848,12684.22902
cuda,8192,8192,10,1,256,1,0,52.74659204,52.902577,12722.8815,12685.36767
cuda,8192,8192,10,1,256,1,0,52.7544322,52.918187,12720.99067,12681.6257
cuda,8192,8192,10,1,512,0,0,32.35289621,32.508776,20742.76861,20643.3069
cuda,8192,8192,10,1,512,0,0,34.93449616,35.08589,19209.91323,19127.02343
cuda,8192,8192,10,1,512,0,0,34.87148809,35.027291,19244.62295,19159.02203
cuda,8192,8192,10,1,512,0,0,34.8631041,35.013994,19249.25096,19166.29791
cuda,8192,8192,10,1,512,0,0,34.96127987,35.115044,19195.19659,19111.14336
cuda,8192,8192,10,1,512,1,0,55.65939188,55.81274,12057.06023,12023.93289
cuda,8192,8192,10,1,512,1,0,54.47023916,54.625822,12320.28077,12285.19069
cuda,8192,8192,10,1,512,1,0,56.8928957,57.079333,11795.64921,11757.12127
cuda,8192,8192,10,1,512,1,0,58.44047928,58.59476,11483.28433,11453.0487
cuda,8192,8192,10,1,512,1,0,58.68755245,58.840992,11434.93998,11405.12111
opencl,8192,8192,10,1,32,0,0,56.103872,56.306925,11961.53877,11918.40329
opencl,8192,8192,10,1,32,0,0,56.0664,56.264588,11969.53327,11927.37144
opencl,8192,8192,10,1,32,0,0,56.049792,56.295148,11973.07994,11920.89663
opencl,8192,8192,10,1,32,0,0,56.131232,56.325702,11955.70837,11914.43011
opencl,8192,8192,10,1,32,0,0,56.142624,56.329389,11953.28241,11913.65026
opencl,8192,8192,10,1,32,1,0,131.363072,131.554181,5108.655193,5101.233841
opencl,8192,8192,10,1,32,1,0,140.502656,140.691739,4776.34131,4769.922135
opencl,8192,8192,10,1,32,1,0,138.496096,138.689171,4845.541928,4838.796246
opencl,8192,8192,10,1,32,1,0,140.512096,140.709078,4776.020422,4769.334357
opencl,8192,8192,10,1,32,1,0,125.042688,125.237167,5366.87631,5358.542165
opencl,8192,8192,10,1,64,0,0,25.654272,25.841198,26158.94304,25969.71859
opencl,8192,8192,10,1,64,0,0,25.652384,25.845521,26160.86832,25965.37481
opencl,8192,8192,10,1,64,0,0,25.65168,25.842255,26161.5863,25968.65637
opencl,8192,8192,10,1,64,0,0,25.65296,25.853826,26160.28092,25957.03398
opencl,8192,8192,10,1,64,0,0,24.417952,24.603032,27483.4122,27276.66411
opencl,8192,8192,10,1,64,1,0,53.623008,53.810658,12514.93836,12471.29593
opencl,8192,8192,10,1,64,1,0,53.64208,53.827393,12510.48878,12467.41859
opencl,8192,8192,10,1,64,1,0,54.008384,54.229528,12425.63821,12374.96738
opencl,8192,8192,10,1,64,1,0,54.19024,54.408081,12383.93925,12334.35599
opencl,8192,8192,10,1,64,1,0,53.616,53.804765,12516.57416,12472.66185
opencl,8192,8192,10,1,128,0,0,25.470464,25.669841,26347.71946,26143.0774
opencl,8192,8192,10,1,128,0,0,27.07536,27.267514,24785.95446,24611.288
opencl,8192,8192,10,1,128,0,0,27.083264,27.507823,24778.72091,24396.2832
opencl,8192,8192,10,1,128,0,0,27.087328,27.318578,24775.00328,24565.28447
opencl,8192,8192,10,1,128,0,0,27.091072,27.273334,24771.57936,24606.03606
opencl,8192,8192,10,1,128,1,0,51.082656,51.270083,13137.30907,13089.28328
opencl,8192,8192,10,1,128,1,0,51.033632,51.217822,13149.92905,13102.63916
opencl,8192,8192,10,1,128,1,0,50.992832,51.270714,13160.45047,13089.12218
opencl,8192,8192,10,1,128,1,0,51.033632,51.221556,13149.92905,13101.68399
opencl,8192,8192,10,1,128,1,0,51.06208,51.267978,13142.60289,13089.82071
opencl,8192,8192,10,1,256,0,0,28.583328,28.767181,23478.32415,23328.27259
opencl,8192,8192,10,1,256,0,0,28.611936,28.796822,23454.84905,23304.26045
opencl,8192,8192,10,1,256,0,0,25.878144,26.103154,25932.64185,25709.10167
opencl,8192,8192,10,1,256,0,0,28.125088,28.32075,23860.85476,23696.00523
opencl,8192,8192,10,1,256,0,0,28.57888,28.785825,23481.9783,23313.16334
opencl,8192,8192,10,1,256,1,0,52.444256,52.634023,12796.22767,12750.09208
opencl,8192,8192,10,1,256,1,0,52.443616,52.636417,12796.38383,12749.51219
opencl,8192,8192,10,1,256,1,0,52.444672,52.683233,12796.12617,12738.18256
opencl,8192,8192,10,1,256,1,0,52.445888,52.682929,12795.82948,12738.25607
opencl,8192,8192,10,1,256,1,0,52.44608,52.637499,12795.78264,12749.25011
opencl,8192,8192,10,1,512,0,0,33.443872,33.631757,20066.11675,19954.01668
opencl,8192,8192,10,1,512,0,0,33.455168,33.643964,20059.3415,19946.77678
opencl,8192,8192,10,1,512,0,0,33.45376,33.698195,20060.18576,19914.67614
opencl,8192,8192,10,1,512,0,0,33.484608,33.693039,20041.70513,19917.72366
opencl,8192,8192,10,1,512,0,0,33.437792,33.63086,20069.76537,19954.54889
opencl,8192,8192,10,1,512,1,0,60.149984,60.342067,11156.92134,11121.40623
opencl,8192,8192,10,1,512,1,0,60.174048,60.367115,11152.45961,11116.79165
opencl,8192,8192,10,1,512,1,0,60.163808,60.357776,11154.35778,11118.51172
opencl,8192,8192,10,1,512,1,0,60.16912,60.401896,11153.37303,11110.39031
opencl,8192,8192,10,1,512,1,0,60.149888,60.341272,11156.93915,11121.55276
cuda,16384,16384,5,1,32,0,0,107.9048328,108.026737,12438.52796,12424.49154
cuda,16384,16384,5,1,32,0,0,109.688097,109.809767,12236.30746,12222.74955
cuda,16384,16384,5,1,32,0,0,102.9566402,103.115703,13036.33527,13016.22586
cuda,16384,16384,5,1,32,0,0,109.8169289,109.734202,12221.95242,12231.16636
cuda,16384,16384,5,1,32,0,0,109.7735691,109.839462,12226.78001,12219.44514
cuda,16384,16384,5,1,32,1,0,267.7573128,267.811862,5012.663393,5011.642389
cuda,16384,16384,5,1,32,1,0,248.87043,249.019353,5393.07655,5389.851286
cuda,16384,16384,5,1,32,1,0,236.2136345,236.32652,5682.048299,5679.334169
cuda,16384,16384,5,1,32,1,0,225.9184647,226.038492,5940.980884,5937.8262
cuda,16384,16384,5,1,32,1,0,230.7836151,230.866681,5815.739039,5813.646535
cuda,16384,16384,5,1,64,0,0,52.23958492,52.347623,25692.72482,25639.69867
cuda,16384,16384,5,1,64,0,0,53.33222389,53.471454,25166.34751,25100.81884
cuda,16384,16384,5,1,64,0,0,56.03110504,56.155382,23954.14617,23901.13347
cuda,16384,16384,5,1,64,0,0,56.06387234,56.181045,23940.14584,23890.21564
cuda,16384,16384,5,1,64,0,0,56.04614353,56.177214,23947.71871,23891.84483
cuda,16384,16384,5,1,64,1,0,110.589632,110.702211,12136.55616,12124.21385
cuda,16384,16384,5,1,64,1,0,111.8141117,111.922409,12003.64837,11992.03352
cuda,16384,16384,5,1,64,1,0,118.0477142,118.15502,11369.78627,11359.46048
cuda,16384,16384,5,1,64,1,0,116.1712017,116.277335,11553.44234,11542.89682
cuda,16384,16384,5,1,64,1,0,117.5569267,117.658416,11417.2539,11407.40565
cuda,16384,16384,5,1,128,0,0,55.59449577,55.705382,24142.26915,24094.21194
cuda,16384,16384,5,1,128,0,0,55.60697651,55.733633,24136.85052,24081.99875
cuda,16384,16384,5,1,128,0,0,54.06310368,54.182354,24826.12334,24771.48335
cuda,16384,16384,5,1,128,0,0,55.62179279,55.765747,24130.42106,24068.13057
cuda,16384,16384,5,1,128,0,0,55.59699249,55.71669,24141.18498,24089.32189
cuda,16384,16384,5,1,128,1,0,102.8913288,103.014954,13044.61023,13028.95578
cuda,16384,16384,5,1,128,1,0,96.9016304,97.0513,13850.92567,13829.56519
cuda,16384,16384,5,1,128,1,0,103.8011837,103.954109,12930.2695,12911.24798
cuda,16384,16384,5,1,128,1,0,102.8769913,102.989954,13046.4282,13032.11845
cuda,16384,16384,5,1,128,1,0,102.8830433,102.996882,13045.66075,13031.24186
cuda,16384,16384,5,1,256,0,0,59.89103985,60.005772,22410.31853,22367.46958
cuda,16384,16384,5,1,256,0,0,58.15936089,58.273222,23077.57959,23032.48789
cuda,16384,16384,5,1,256,0,0,59.89750385,60.010481,22407.90006,22365.71442
cuda,16384,16384,5,1,256,0,0,59.89785576,60.012082,22407.76841,22365.11774
cuda,16384,16384,5,1,256,0,0,59.89926338,60.013812,22407.24183,22364.47303
cuda,16384,16384,5,1,256,1,0,105.9134064,106.025326,12672.40216,12659.02526
cuda,16384,16384,5,1,256,1,0,98.03804779,98.146835,13690.37134,13675.19676
cuda,16384,16384,5,1,256,1,0,105.9350719,106.042806,12669.81044,12656.93856
cuda,16384,16384,5,1,256,1,0,105.9240036,106.033624,12671.13435,12658.03459
cuda,16384,16384,5,1,256,1,0,105.9101124,106.017782,12672.7963,12659.92605
cuda,16384,16384,5,1,512,0,0,70.14304066,70.254079,19134.86024,19104.61711
cuda,16384,16384,5,1,512,0,0,70.15062428,70.26994,19132.79167,19100.30491
cuda,16384,16384,5,1,512,0,0,68.00147343,68.134804,19737.4735,19698.84994
cuda,16384,16384,5,1,512,0,0,67.98902416,68.148861,19741.08757,19694.78668
cuda,16384,16384,5,1,512,0,0,70.17942429,70.303709,19124.94002,19091.13046
cuda,16384,16384,5,1,512,1,0,117.5423355,117.669167,11418.67119,11406.3634
cuda,16384,16384,5,1,512,1,0,110.6901741,110.817084,12125.53229,12111.64589
cuda,16384,16384,5,1,512,1,0,117.5385933,117.664859,11419.03474,11406.78102
cuda,16384,16384,5,1,512,1,0,115.2884464,115.412074,11641.90621,11629.43558
cuda,16384,16384,5,1,512,1,0,117.5516796,117.673733,11417.76353,11405.92081
opencl,16384,16384,5,1,32,0,0,105.403328,105.59382,12733.72772,12710.75599
opencl,16384,16384,5,1,32,0,0,110.696544,110.941135,12124.83454,12098.10302
opencl,16384,16384,5,1,32,0,0,110.753792,110.933802,12118.56728,12098.90273
opencl,16384,16384,5,1,32,0,0,106.540128,106.720812,12597.85684,12576.528
opencl,16384,16384,5,1,32,0,0,110.464896,110.649386,12150.26066,12130.00206
opencl,16384,16384,5,1,32,1,0,239.215008,239.396388,5610.756997,5606.505976
opencl,16384,16384,5,1,32,1,0,238.421024,238.629865,5629.441806,5624.515104
opencl,16384,16384,5,1,32,1,0,260.044384,260.262721,5161.339227,5157.009328
opencl,16384,16384,5,1,32,1,0,257.81872,258.062735,5205.895367,5200.972856
opencl,16384,16384,5,1,32,1,0,235.201088,235.407856,5706.509657,5701.497405
opencl,16384,16384,5,1,64,0,0,54.738656,54.93125,24519.73392,24433.76548
opencl,16384,16384,5,1,64,0,0,55.2432,55.428205,24295.7917,24214.69864
opencl,16384,16384,5,1,64,0,0,55.17152,55.35295,24327.3573,24247.61968
opencl,16384,16384,5,1,64,0,0,54.729632,54.912806,24523.77681,24441.97224
opencl,16384,16384,5,1,64,0,0,54.370368,54.543701,24685.82298,24607.37455
opencl,16384,16384,5,1,64,1,0,114.977344,115.140906,11673.40655,11656.82403
opencl,16384,16384,5,1,64,1,0,116.310336,116.52058,11539.62172,11518.8002
opencl,16384,16384,5,1,64,1,0,116.333856,116.52686,11537.28868,11518.17941
opencl,16384,16384,5,1,64,1,0,109.03136,109.212351,12310.01136,12289.61072
opencl,16384,16384,5,1,64,1,0,117.488576,117.678552,11423.89606,11405.45373
opencl,16384,16384,5,1,128,0,0,54.472256,54.640613,24639.64922,24563.73028
opencl,16384,16384,5,1,128,0,0,54.50096,54.675307,24626.67226,24548.14346
opencl,16384,16384,5,1,128,0,0,52.97104,53.141303,25337.94466,25256.76271
opencl,16384,16384,5,1,128,0,0,54.479776,54.655448,24636.24814,24557.063
opencl,16384,16384,5,1,128,0,0,54.484448,54.732922,24634.1356,24522.30268
opencl,16384,16384,5,1,128,1,0,102.160736,102.340573,13137.89752,13114.81107
opencl,16384,16384,5,1,128,1,0,94.537888,94.70668,14197.24206,14171.93887
opencl,16384,16384,5,1,128,1,0,102.183136,102.35908,13135.0175,13112.43985
opencl,16384,16384,5,1,128,1,0,101.2656,101.488582,13254.0298,13224.90918
opencl,16384,16384,5,1,128,1,0,98.336256,98.525512,13648.8548,13622.63695
opencl,16384,16384,5,1,256,0,0,58.054464,58.225229,23119.27779,23051.47276
opencl,16384,16384,5,1,256,0,0,57.501408,57.684144,23341.642,23267.69866
opencl,16384,16384,5,1,256,0,0,58.048608,58.223274,23121.61008,23052.24677
opencl,16384,16384,5,1,256,0,0,58.044128,58.233183,23123.39467,23048.32418
opencl,16384,16384,5,1,256,0,0,57.646528,57.835461,23282.88149,23206.82254
opencl,16384,16384,5,1,256,1,0,105.433824,105.628782,12730.04458,12706.54886
opencl,16384,16384,5,1,256,1,0,105.440544,105.6214,12729.23326,12707.43694
opencl,16384,16384,5,1,256,1,0,105.44944,105.65222,12728.15939,12703.73003
opencl,16384,16384,5,1,256,1,0,105.41808,105.60706,12731.94579,12709.16244
opencl,16384,16384,5,1,256,1,0,102.055776,102.256423,13151.40928,13125.60366
opencl,16384,16384,5,1,512,0,0,65.326272,65.507963,20545.75041,20488.76531
opencl,16384,16384,5,1,512,0,0,67.325536,67.512251,19935.63453,19880.49961
opencl,16384,16384,5,1,512,0,0,67.344192,67.527402,19930.11186,19876.03906
opencl,16384,16384,5,1,512,0,0,67.7208,67.907559,19819.2768,19764.76993
opencl,16384,16384,5,1,512,0,0,67.347296,67.542746,19929.1933,19871.52373
opencl,16384,16384,5,1,512,1,0,113.657504,113.861506,11808.96318,11787.80544
opencl,16384,16384,5,1,512,1,0,113.482944,113.688101,11827.12778,11805.78502
opencl,16384,16384,5,1,512,1,0,120.657216,120.936962,11123.88736,11098.15608
opencl,16384,16384,5,1,512,1,0,114.354304,114.544365,11737.00712,11717.53215
opencl,16384,16384,5,1,512,1,0,120.62176,120.807756,11127.15716,11110.02575
